"fixture","triangles","phase","measure","before_samples","after_samples","before_median_ms","after_median_ms","ratio_before_over_after","before_p95_ms","after_p95_ms","before_p99_ms","after_p99_ms","before_limit","after_limit","before_selected_components","after_selected_components","before_viewport_points","after_viewport_points","before_history_estimated_bytes","after_history_estimated_bytes","projection_builds","projection_hits","occlusion_builds","occlusion_hits","hover_queries","rectangle_queries","through_queries","component_gpu_stream_uploads_cumulative","component_gpu_flags_uploads_cumulative","component_draws_last_frame","component_gpu_allocated_buffer_bytes","component_cpu_cache_estimated_bytes"
"Plano 22 × 22","968","object","app_update_cpu","101","101","0.31","0.34","0.9118","0.4859","0.4842","0.5439","0.5109","False","False","0","0","914x658,25","914x658,25","0","0","0","0","0","0","0","0","0","0","0","0","0","0"
"Plano 22 × 22","968","object","complete_cycle_cpu","101","101","0.31","0.34","0.9118","0.4859","0.4842","0.5439","0.5109","False","False","0","0","914x658,25","914x658,25","0","0","0","0","0","0","0","0","0","0","0","0","0","0"
"Plano 22 × 22","968","face","app_update_cpu","101","101","0.3397","0.4138","0.8209","0.4278","0.5803","0.5295","0.8543","False","False","1","1","914x658,25","914x658,25","0","0","1","121","0","0","1","0","0","1","1","2","108460","288608"
"Plano 22 × 22","968","face","complete_cycle_cpu","101","101","0.3397","0.4138","0.8209","0.4278","0.5803","0.5295","0.8543","False","False","1","1","914x658,25","914x658,25","0","0","1","121","0","0","1","0","0","1","1","2","108460","288608"
"Plano 22 × 22","968","edge","app_update_cpu","101","101","0.3521","0.4018","0.8763","0.4642","0.7151","0.5067","0.8751","False","False","1","1","914x658,25","914x658,25","0","0","1","121","0","0","1","0","0","1","2","2","108460","288608"
"Plano 22 × 22","968","edge","complete_cycle_cpu","101","101","0.3521","0.4018","0.8763","0.4642","0.7151","0.5067","0.8751","False","False","1","1","914x658,25","914x658,25","0","0","1","121","0","0","1","0","0","1","2","2","108460","288608"
"Plano 22 × 22","968","vertex","app_update_cpu","101","101","0.3328","0.4185","0.7952","0.3679","0.6787","0.408","0.7892","False","False","1","1","914x658,25","914x658,25","0","0","1","121","0","0","1","0","0","1","3","2","108460","288608"
"Plano 22 × 22","968","vertex","complete_cycle_cpu","101","101","0.3328","0.4185","0.7952","0.3679","0.6787","0.408","0.7892","False","False","1","1","914x658,25","914x658,25","0","0","1","121","0","0","1","0","0","1","3","2","108460","288608"
"Plano 22 × 22","968","orbit_face","app_update_cpu","101","101","0.3675","0.4507","0.8154","0.4985","0.5908","0.5884","0.6545","False","False","1","1","914x658,25","914x658,25","0","0","1","0","0","0","1","0","0","1","4","2","108460","288608"
"Plano 22 × 22","968","orbit_face","complete_cycle_cpu","101","101","0.3675","0.4507","0.8154","0.4985","0.5908","0.5884","0.6545","False","False","1","1","914x658,25","914x658,25","0","0","1","0","0","0","1","0","0","1","4","2","108460","288608"
"Plano 22 × 22","968","pan_face","app_update_cpu","101","101","0.396","0.4003","0.9893","0.6312","0.5125","0.81","0.5715","False","False","1","1","914x658,25","914x658,25","0","0","1","0","0","0","1","0","0","1","4","2","108460","288608"
"Plano 22 × 22","968","pan_face","complete_cycle_cpu","101","101","0.396","0.4003","0.9893","0.6312","0.5125","0.81","0.5715","False","False","1","1","914x658,25","914x658,25","0","0","1","0","0","0","1","0","0","1","4","2","108460","288608"
"Plano 22 × 22","968","hover_face","app_update_cpu","101","101","0.5797","0.4343","1.3348","0.8053","0.5934","0.9025","0.6636","False","False","1","1","914x658,25","914x658,25","0","0","1","121","0","0","122","0","0","1","4","2","108460","288608"
"Plano 22 × 22","968","hover_face","complete_cycle_cpu","101","101","0.5797","0.4343","1.3348","0.8053","0.5934","0.9025","0.6636","False","False","1","1","914x658,25","914x658,25","0","0","1","121","0","0","122","0","0","1","4","2","108460","288608"
"Plano 22 × 22","968","box_face_normal","complete_cycle_cpu","101","101","5.9539","4.0483","1.4707","7.9123","5.0537","8.2956","5.3203","False","False","309","309","914x658,25","914x658,25","0","0","1","484","1","241","243","242","0","1","246","2","108460","485216"
"Plano 22 × 22","968","box_face_normal","drag_cpu","101","101","2.575","1.5704","1.6397","3.361","2.0527","4.3277","2.3706","False","False","309","309","914x658,25","914x658,25","0","0","1","484","1","241","243","242","0","1","246","2","108460","485216"
"Plano 22 × 22","968","box_face_normal","press_cpu","101","101","0.3617","0.3927","0.9211","0.5479","0.5156","0.5926","0.5625","False","False","309","309","914x658,25","914x658,25","0","0","1","484","1","241","243","242","0","1","246","2","108460","485216"
"Plano 22 × 22","968","box_face_normal","release_cpu","101","101","2.5745","1.514","1.7005","3.3286","2.053","4.1384","2.4381","False","False","309","309","914x658,25","914x658,25","0","0","1","484","1","241","243","242","0","1","246","2","108460","485216"
"Plano 22 × 22","968","box_face_normal","settle_cpu","101","101","0.4673","0.5427","0.8611","0.6769","0.6844","0.7201","0.7449","False","False","309","309","914x658,25","914x658,25","0","0","1","484","1","241","243","242","0","1","246","2","108460","485216"
"Plano 22 × 22","968","box_face_ctrl","complete_cycle_cpu","101","101","1.8285","2.1131","0.8653","2.1846","2.6638","2.2119","2.7518","False","False","309","309","914x658,25","914x658,25","0","0","1","484","0","0","243","242","242","1","489","2","108460","288608"
"Plano 22 × 22","968","box_face_ctrl","drag_cpu","101","101","0.4935","0.5589","0.883","0.6728","0.7344","0.7607","0.8407","False","False","309","309","914x658,25","914x658,25","0","0","1","484","0","0","243","242","242","1","489","2","108460","288608"
"Plano 22 × 22","968","box_face_ctrl","press_cpu","101","101","0.3615","0.453","0.798","0.4884","0.6154","0.5189","0.6806","False","False","309","309","914x658,25","914x658,25","0","0","1","484","0","0","243","242","242","1","489","2","108460","288608"
"Plano 22 × 22","968","box_face_ctrl","release_cpu","101","101","0.5228","0.5923","0.8827","0.6441","0.7852","0.6782","0.8388","False","False","309","309","914x658,25","914x658,25","0","0","1","484","0","0","243","242","242","1","489","2","108460","288608"
"Plano 22 × 22","968","box_face_ctrl","settle_cpu","101","101","0.4323","0.4986","0.867","0.5748","0.6735","0.6256","0.7466","False","False","309","309","914x658,25","914x658,25","0","0","1","484","0","0","243","242","242","1","489","2","108460","288608"
"Plano 22 × 22","968","box_edge_normal","complete_cycle_cpu","101","101","14.5015","3.936","3.6843","16.4914","4.9705","19.3007","5.548","False","False","618","618","914x658,25","914x658,25","0","0","1","484","1","241","243","242","0","1","731","2","108460","485216"
"Plano 22 × 22","968","box_edge_normal","drag_cpu","101","101","6.8934","1.5342","4.4932","8.1254","2.0819","9.3518","2.2764","False","False","618","618","914x658,25","914x658,25","0","0","1","484","1","241","243","242","0","1","731","2","108460","485216"
"Plano 22 × 22","968","box_edge_normal","press_cpu","101","101","0.3562","0.4011","0.8881","0.4739","0.5448","0.4964","0.609","False","False","618","618","914x658,25","914x658,25","0","0","1","484","1","241","243","242","0","1","731","2","108460","485216"
"Plano 22 × 22","968","box_edge_normal","release_cpu","101","101","6.7946","1.5042","4.5171","7.5516","2.0317","8.1723","2.2714","False","False","618","618","914x658,25","914x658,25","0","0","1","484","1","241","243","242","0","1","731","2","108460","485216"
"Plano 22 × 22","968","box_edge_normal","settle_cpu","101","101","0.4079","0.4984","0.8184","0.514","0.6732","0.6633","0.7525","False","False","618","618","914x658,25","914x658,25","0","0","1","484","1","241","243","242","0","1","731","2","108460","485216"
"Plano 22 × 22","968","box_edge_ctrl","complete_cycle_cpu","101","101","1.6658","1.9784","0.842","2.1022","2.4509","2.336","2.601","False","False","618","618","914x658,25","914x658,25","0","0","1","484","0","0","243","242","242","1","974","2","108460","288608"
"Plano 22 × 22","968","box_edge_ctrl","drag_cpu","101","101","0.4192","0.4788","0.8755","0.5492","0.634","0.6631","0.72","False","False","618","618","914x658,25","914x658,25","0","0","1","484","0","0","243","242","242","1","974","2","108460","288608"
"Plano 22 × 22","968","box_edge_ctrl","press_cpu","101","101","0.371","0.4447","0.8343","0.5032","0.6081","0.5471","0.7234","False","False","618","618","914x658,25","914x658,25","0","0","1","484","0","0","243","242","242","1","974","2","108460","288608"
"Plano 22 × 22","968","box_edge_ctrl","release_cpu","101","101","0.4376","0.5205","0.8407","0.5835","0.7007","0.6468","0.7491","False","False","618","618","914x658,25","914x658,25","0","0","1","484","0","0","243","242","242","1","974","2","108460","288608"
"Plano 22 × 22","968","box_edge_ctrl","settle_cpu","101","101","0.4347","0.5079","0.8559","0.5553","0.6976","0.7411","0.7386","False","False","618","618","914x658,25","914x658,25","0","0","1","484","0","0","243","242","242","1","974","2","108460","288608"
"Plano 22 × 22","968","box_vertex_normal","complete_cycle_cpu","101","101","2.0157","2.1689","0.9294","2.4204","2.6567","2.7358","2.8295","False","False","309","309","914x658,25","914x658,25","0","0","1","484","1","241","243","242","0","1","1216","2","108460","485216"
"Plano 22 × 22","968","box_vertex_normal","drag_cpu","101","101","0.6156","0.5849","1.0525","0.7672","0.781","0.8229","0.9386","False","False","309","309","914x658,25","914x658,25","0","0","1","484","1","241","243","242","0","1","1216","2","108460","485216"
"Plano 22 × 22","968","box_vertex_normal","press_cpu","101","101","0.3576","0.4143","0.8631","0.4703","0.5582","0.5876","0.5922","False","False","309","309","914x658,25","914x658,25","0","0","1","484","1","241","243","242","0","1","1216","2","108460","485216"
"Plano 22 × 22","968","box_vertex_normal","release_cpu","101","101","0.6194","0.5955","1.0401","0.8373","0.7755","0.9358","0.8395","False","False","309","309","914x658,25","914x658,25","0","0","1","484","1","241","243","242","0","1","1216","2","108460","485216"
"Plano 22 × 22","968","box_vertex_normal","settle_cpu","101","101","0.3996","0.4973","0.8035","0.51","0.6967","0.5899","0.7574","False","False","309","309","914x658,25","914x658,25","0","0","1","484","1","241","243","242","0","1","1216","2","108460","485216"
"Plano 22 × 22","968","box_vertex_ctrl","complete_cycle_cpu","101","101","1.562","1.9634","0.7956","1.8315","2.4992","1.8975","2.7524","False","False","309","309","914x658,25","914x658,25","0","0","1","484","0","0","243","242","242","1","1459","2","108460","288608"
"Plano 22 × 22","968","box_vertex_ctrl","drag_cpu","101","101","0.3751","0.4762","0.7877","0.4516","0.6498","0.5042","0.7207","False","False","309","309","914x658,25","914x658,25","0","0","1","484","0","0","243","242","242","1","1459","2","108460","288608"
"Plano 22 × 22","968","box_vertex_ctrl","press_cpu","101","101","0.3703","0.4771","0.7761","0.4585","0.6644","0.4844","0.7503","False","False","309","309","914x658,25","914x658,25","0","0","1","484","0","0","243","242","242","1","1459","2","108460","288608"
"Plano 22 × 22","968","box_vertex_ctrl","release_cpu","101","101","0.4077","0.4895","0.8329","0.4876","0.6845","0.5318","0.7457","False","False","309","309","914x658,25","914x658,25","0","0","1","484","0","0","243","242","242","1","1459","2","108460","288608"
"Plano 22 × 22","968","box_vertex_ctrl","settle_cpu","101","101","0.3921","0.4814","0.8145","0.4934","0.7308","0.5645","0.7945","False","False","309","309","914x658,25","914x658,25","0","0","1","484","0","0","243","242","242","1","1459","2","108460","288608"
"Plano 22 × 22","968","flip_history","command_cpu","101","101","2.4027","2.5406","0.9457","2.9353","3.6755","3.8561","4.0815","False","False","1","1","914x658,25","914x658,25","690349","690349","485","242","0","0","485","0","0","485","1944","2","108460","288608"
"Plano 22 × 22","968","flip_history","complete_cycle_cpu","101","101","6.8675","7.6128","0.9021","8.3365","9.3693","10.2547","9.7187","False","False","1","1","914x658,25","914x658,25","690349","690349","485","242","0","0","485","0","0","485","1944","2","108460","288608"
"Plano 22 × 22","968","flip_history","legacy_enter_cpu","101","101","0.3807","0.4327","0.8798","0.4568","0.5835","0.5136","0.6692","False","False","1","1","914x658,25","914x658,25","690349","690349","485","242","0","0","485","0","0","485","1944","2","108460","288608"
"Plano 22 × 22","968","flip_history","redo_cpu","101","101","1.2604","1.3309","0.947","1.552","1.8753","1.9409","2.207","False","False","1","1","914x658,25","914x658,25","690349","690349","485","242","0","0","485","0","0","485","1944","2","108460","288608"
"Plano 22 × 22","968","flip_history","restore_cpu","101","101","1.2197","1.3145","0.9279","1.5487","1.6614","1.7895","1.8067","False","False","1","1","914x658,25","914x658,25","690349","690349","485","242","0","0","485","0","0","485","1944","2","108460","288608"
"Plano 22 × 22","968","flip_history","settle_cpu","101","101","0.3494","0.3897","0.8966","0.4692","0.5478","0.6152","0.5977","False","False","1","1","914x658,25","914x658,25","690349","690349","485","242","0","0","485","0","0","485","1944","2","108460","288608"
"Plano 22 × 22","968","flip_history","undo_cpu","101","101","1.2452","1.3628","0.9137","1.5122","1.932","2.019","2.0009","False","False","1","1","914x658,25","914x658,25","690349","690349","485","242","0","0","485","0","0","485","1944","2","108460","288608"
"Plano 70 × 70","9800","object","app_update_cpu","101","101","0.2952","0.3599","0.8202","0.3849","0.4688","0.4562","0.523","False","False","0","0","914x658,25","914x658,25","0","0","0","0","0","0","0","0","0","485","1944","0","0","0"
"Plano 70 × 70","9800","object","complete_cycle_cpu","101","101","0.2952","0.3599","0.8202","0.3849","0.4688","0.4562","0.523","False","False","0","0","914x658,25","914x658,25","0","0","0","0","0","0","0","0","0","485","1944","0","0","0"
"Plano 70 × 70","9800","face","app_update_cpu","101","101","0.4102","0.4029","1.0181","0.5172","0.499","0.6246","0.6172","False","False","1","1","914x658,25","914x658,25","0","0","1","121","0","0","1","0","0","486","1945","2","1070764","3248576"
"Plano 70 × 70","9800","face","complete_cycle_cpu","101","101","0.4102","0.4029","1.0181","0.5172","0.499","0.6246","0.6172","False","False","1","1","914x658,25","914x658,25","0","0","1","121","0","0","1","0","0","486","1945","2","1070764","3248576"
"Plano 70 × 70","9800","edge","app_update_cpu","101","101","0.3467","0.3957","0.8762","0.4227","0.5339","0.4721","0.5774","False","False","1","1","914x658,25","914x658,25","0","0","1","121","0","0","1","0","0","486","1946","2","1070764","3248576"
"Plano 70 × 70","9800","edge","complete_cycle_cpu","101","101","0.3467","0.3957","0.8762","0.4227","0.5339","0.4721","0.5774","False","False","1","1","914x658,25","914x658,25","0","0","1","121","0","0","1","0","0","486","1946","2","1070764","3248576"
"Plano 70 × 70","9800","vertex","app_update_cpu","101","101","0.3409","0.4079","0.8357","0.4356","0.5512","0.51","0.6164","False","False","1","1","914x658,25","914x658,25","0","0","1","121","0","0","1","0","0","486","1947","2","1070764","3248576"
"Plano 70 × 70","9800","vertex","complete_cycle_cpu","101","101","0.3409","0.4079","0.8357","0.4356","0.5512","0.51","0.6164","False","False","1","1","914x658,25","914x658,25","0","0","1","121","0","0","1","0","0","486","1947","2","1070764","3248576"
"Plano 70 × 70","9800","orbit_face","app_update_cpu","101","101","0.3878","0.4466","0.8683","0.6155","0.6015","0.8764","0.6907","False","False","1","1","914x658,25","914x658,25","0","0","1","0","0","0","1","0","0","486","1948","2","1070764","3248576"
"Plano 70 × 70","9800","orbit_face","complete_cycle_cpu","101","101","0.3878","0.4466","0.8683","0.6155","0.6015","0.8764","0.6907","False","False","1","1","914x658,25","914x658,25","0","0","1","0","0","0","1","0","0","486","1948","2","1070764","3248576"
"Plano 70 × 70","9800","pan_face","app_update_cpu","101","101","0.3577","0.4333","0.8255","0.4364","0.575","0.4428","0.6277","False","False","1","1","914x658,25","914x658,25","0","0","1","0","0","0","1","0","0","486","1948","2","1070764","3248576"
"Plano 70 × 70","9800","pan_face","complete_cycle_cpu","101","101","0.3577","0.4333","0.8255","0.4364","0.575","0.4428","0.6277","False","False","1","1","914x658,25","914x658,25","0","0","1","0","0","0","1","0","0","486","1948","2","1070764","3248576"
"Plano 70 × 70","9800","hover_face","app_update_cpu","101","101","0.4552","0.4965","0.9168","0.7253","0.6303","0.8241","0.7205","False","False","1","1","914x658,25","914x658,25","0","0","1","121","0","0","122","0","0","486","1948","2","1070764","3248576"
"Plano 70 × 70","9800","hover_face","complete_cycle_cpu","101","101","0.4552","0.4965","0.9168","0.7253","0.6303","0.8241","0.7205","False","False","1","1","914x658,25","914x658,25","0","0","1","121","0","0","122","0","0","486","1948","2","1070764","3248576"
"Plano 70 × 70","9800","box_face_normal","complete_cycle_cpu","101","101","215.8706","25.2621","8.5452","232.8177","30.0929","269.2001","36.4499","False","False","2989","2989","914x658,25","914x658,25","0","0","1","484","1","241","243","242","0","486","2190","2","1070764","5746592"
"Plano 70 × 70","9800","box_face_normal","drag_cpu","101","101","107.391","12.274","8.7495","118.4284","15.4662","139.254","17.2002","False","False","2989","2989","914x658,25","914x658,25","0","0","1","484","1","241","243","242","0","486","2190","2","1070764","5746592"
"Plano 70 × 70","9800","box_face_normal","press_cpu","101","101","0.296","0.3776","0.7839","0.4033","0.5033","0.4493","0.6083","False","False","2989","2989","914x658,25","914x658,25","0","0","1","484","1","241","243","242","0","486","2190","2","1070764","5746592"
"Plano 70 × 70","9800","box_face_normal","release_cpu","101","101","107.4295","11.3441","9.4701","115.9229","15.2321","127.7232","17.743","False","False","2989","2989","914x658,25","914x658,25","0","0","1","484","1","241","243","242","0","486","2190","2","1070764","5746592"
"Plano 70 × 70","9800","box_face_normal","settle_cpu","101","101","1.0522","1.0927","0.9629","1.2499","1.5567","1.3314","1.7353","False","False","2989","2989","914x658,25","914x658,25","0","0","1","484","1","241","243","242","0","486","2190","2","1070764","5746592"
"Plano 70 × 70","9800","box_face_ctrl","complete_cycle_cpu","101","101","4.7532","4.6187","1.0291","5.6738","5.4113","5.8861","5.799","False","False","2989","2989","914x658,25","914x658,25","0","0","1","484","0","0","243","242","242","486","2433","2","1070764","3248576"
"Plano 70 × 70","9800","box_face_ctrl","drag_cpu","101","101","1.662","1.6312","1.0189","2.0717","2.0121","2.5507","2.3809","False","False","2989","2989","914x658,25","914x658,25","0","0","1","484","0","0","243","242","242","486","2433","2","1070764","3248576"
"Plano 70 × 70","9800","box_face_ctrl","press_cpu","101","101","0.4074","0.3881","1.0497","0.5176","0.5126","0.5385","0.6122","False","False","2989","2989","914x658,25","914x658,25","0","0","1","484","0","0","243","242","242","486","2433","2","1070764","3248576"
"Plano 70 × 70","9800","box_face_ctrl","release_cpu","101","101","1.5675","1.5092","1.0386","1.9303","1.8495","2.3189","2.0464","False","False","2989","2989","914x658,25","914x658,25","0","0","1","484","0","0","243","242","242","486","2433","2","1070764","3248576"
"Plano 70 × 70","9800","box_face_ctrl","settle_cpu","101","101","1.0553","1.0372","1.0175","1.2784","1.2568","1.5447","1.5059","False","False","2989","2989","914x658,25","914x658,25","0","0","1","484","0","0","243","242","242","486","2433","2","1070764","3248576"
"Plano 70 × 70","9800","box_edge_normal","complete_cycle_cpu","24","101","793.2086","20.9095","37.9353",,"22.7973",,"24.4736","True","False","6050","5979","914x658,25","914x658,25","0","0","1","484","1","241","243","242","0","486","2675","2","1070764","5746592"
"Plano 70 × 70","9800","box_edge_normal","drag_cpu","24","101","394.4674","9.9922","39.4775",,"10.7412",,"12.2302","True","False","6050","5979","914x658,25","914x658,25","0","0","1","484","1","241","243","242","0","486","2675","2","1070764","5746592"
"Plano 70 × 70","9800","box_edge_normal","press_cpu","24","101","0.308","0.3033","1.0155",,"0.3717",,"0.3871","True","False","6050","5979","914x658,25","914x658,25","0","0","1","484","1","241","243","242","0","486","2675","2","1070764","5746592"
"Plano 70 × 70","9800","box_edge_normal","release_cpu","24","101","396.2755","9.6121","41.2267",,"10.3135",,"11.0871","True","False","6050","5979","914x658,25","914x658,25","0","0","1","484","1","241","243","242","0","486","2675","2","1070764","5746592"
"Plano 70 × 70","9800","box_edge_normal","settle_cpu","24","101","1.1265","0.9384","1.2004",,"1.1753",,"1.348","True","False","6050","5979","914x658,25","914x658,25","0","0","1","484","1","241","243","242","0","486","2675","2","1070764","5746592"
"Plano 70 × 70","9800","box_edge_ctrl","complete_cycle_cpu","101","101","3.1312","2.9581","1.0585","5.046","4.1506","5.8333","5.1153","False","False","5979","5979","914x658,25","914x658,25","0","0","1","484","0","0","243","242","242","486","2918","2","1070764","3248576"
"Plano 70 × 70","9800","box_edge_ctrl","drag_cpu","101","101","0.863","0.82","1.0524","1.443","1.1582","2.0527","1.5609","False","False","5979","5979","914x658,25","914x658,25","0","0","1","484","0","0","243","242","242","486","2918","2","1070764","3248576"
"Plano 70 × 70","9800","box_edge_ctrl","press_cpu","101","101","0.4136","0.3883","1.0652","0.7149","0.6342","1.009","0.8831","False","False","5979","5979","914x658,25","914x658,25","0","0","1","484","0","0","243","242","242","486","2918","2","1070764","3248576"
"Plano 70 × 70","9800","box_edge_ctrl","release_cpu","101","101","0.7117","0.6761","1.0527","1.027","0.9607","1.2067","1.1152","False","False","5979","5979","914x658,25","914x658,25","0","0","1","484","0","0","243","242","242","486","2918","2","1070764","3248576"
"Plano 70 × 70","9800","box_edge_ctrl","settle_cpu","101","101","1.0829","1.0304","1.051","1.5989","1.539","1.7208","1.7295","False","False","5979","5979","914x658,25","914x658,25","0","0","1","484","0","0","243","242","242","486","2918","2","1070764","3248576"
"Plano 70 × 70","9800","box_vertex_normal","complete_cycle_cpu","101","101","27.9281","4.6434","6.0146","31.8935","6.0911","38.1841","7.6925","False","False","2995","2995","914x658,25","914x658,25","0","0","1","484","1","241","243","242","0","486","3160","2","1070764","5746592"
"Plano 70 × 70","9800","box_vertex_normal","drag_cpu","101","101","14.0906","1.8022","7.8186","16.223","2.5136","17.5764","3.0775","False","False","2995","2995","914x658,25","914x658,25","0","0","1","484","1","241","243","242","0","486","3160","2","1070764","5746592"
"Plano 70 × 70","9800","box_vertex_normal","press_cpu","101","101","0.3108","0.4433","0.7011","0.4444","0.6337","0.482","0.8518","False","False","2995","2995","914x658,25","914x658,25","0","0","1","484","1","241","243","242","0","486","3160","2","1070764","5746592"
"Plano 70 × 70","9800","box_vertex_normal","release_cpu","101","101","12.505","1.6051","7.7908","14.8064","2.1688","20.5464","2.4743","False","False","2995","2995","914x658,25","914x658,25","0","0","1","484","1","241","243","242","0","486","3160","2","1070764","5746592"
"Plano 70 × 70","9800","box_vertex_normal","settle_cpu","101","101","0.6797","0.7547","0.9006","0.9847","1.0406","1.1273","1.5641","False","False","2995","2995","914x658,25","914x658,25","0","0","1","484","1","241","243","242","0","486","3160","2","1070764","5746592"
"Plano 70 × 70","9800","box_vertex_ctrl","complete_cycle_cpu","101","101","2.2114","2.8332","0.7805","3.478","3.7109","3.6578","3.9925","False","False","2995","2995","914x658,25","914x658,25","0","0","1","484","0","0","243","242","242","486","3403","2","1070764","3248576"
"Plano 70 × 70","9800","box_vertex_ctrl","drag_cpu","101","101","0.582","0.7418","0.7846","0.9546","1.0566","1.1051","1.1615","False","False","2995","2995","914x658,25","914x658,25","0","0","1","484","0","0","243","242","242","486","3403","2","1070764","3248576"
"Plano 70 × 70","9800","box_vertex_ctrl","press_cpu","101","101","0.3867","0.5041","0.7671","0.6061","0.7487","0.763","0.8336","False","False","2995","2995","914x658,25","914x658,25","0","0","1","484","0","0","243","242","242","486","3403","2","1070764","3248576"
"Plano 70 × 70","9800","box_vertex_ctrl","release_cpu","101","101","0.5241","0.6892","0.7604","0.7741","1.0242","0.851","1.1467","False","False","2995","2995","914x658,25","914x658,25","0","0","1","484","0","0","243","242","242","486","3403","2","1070764","3248576"
"Plano 70 × 70","9800","box_vertex_ctrl","settle_cpu","101","101","0.695","0.906","0.7671","1.1104","1.2187","1.207","1.476","False","False","2995","2995","914x658,25","914x658,25","0","0","1","484","0","0","243","242","242","486","3403","2","1070764","3248576"
"Plano 70 × 70","9800","flip_history","command_cpu","101","101","19.9683","22.0011","0.9076","30.8836","26.394","33.5506","27.6992","False","False","1","1","914x658,25","914x658,25","7304237","7304237","485","242","0","0","485","0","0","970","3888","2","1070764","3248576"
"Plano 70 × 70","9800","flip_history","complete_cycle_cpu","101","101","45.4452","50.7599","0.8953","70.2811","59.3779","76.2247","60.5656","False","False","1","1","914x658,25","914x658,25","7304237","7304237","485","242","0","0","485","0","0","970","3888","2","1070764","3248576"
"Plano 70 × 70","9800","flip_history","legacy_enter_cpu","101","101","0.3412","0.4131","0.826","0.5296","0.6001","0.6203","0.7359","False","False","1","1","914x658,25","914x658,25","7304237","7304237","485","242","0","0","485","0","0","970","3888","2","1070764","3248576"
"Plano 70 × 70","9800","flip_history","redo_cpu","101","101","8.0361","9.0447","0.8885","13.709","11.4031","14.1072","12.476","False","False","1","1","914x658,25","914x658,25","7304237","7304237","485","242","0","0","485","0","0","970","3888","2","1070764","3248576"
"Plano 70 × 70","9800","flip_history","restore_cpu","101","101","8.1934","8.9652","0.9139","11.5184","12.2306","14.0572","13.3516","False","False","1","1","914x658,25","914x658,25","7304237","7304237","485","242","0","0","485","0","0","970","3888","2","1070764","3248576"
"Plano 70 × 70","9800","flip_history","settle_cpu","101","101","0.2941","0.3746","0.7851","0.4547","0.5467","0.5422","0.7039","False","False","1","1","914x658,25","914x658,25","7304237","7304237","485","242","0","0","485","0","0","970","3888","2","1070764","3248576"
"Plano 70 × 70","9800","flip_history","undo_cpu","101","101","8.4672","9.2061","0.9197","13.6303","11.9225","14.6711","12.6666","False","False","1","1","914x658,25","914x658,25","7304237","7304237","485","242","0","0","485","0","0","970","3888","2","1070764","3248576"
"Plano 158 × 158","49928","object","app_update_cpu","101","101","0.2818","0.3799","0.7418","0.3331","0.5511","0.3545","0.5853","False","False","0","0","914x658,25","914x658,25","0","0","0","0","0","0","0","0","0","970","3888","0","0","0"
"Plano 158 × 158","49928","object","complete_cycle_cpu","101","101","0.2818","0.3799","0.7418","0.3331","0.5511","0.3545","0.5853","False","False","0","0","914x658,25","914x658,25","0","0","0","0","0","0","0","0","0","970","3888","0","0","0"
"Plano 158 × 158","49928","face","app_update_cpu","101","101","0.3381","0.3992","0.8469","0.3962","0.5446","0.4521","0.5686","False","False","1","1","914x658,25","914x658,25","0","0","1","121","0","0","1","0","0","971","3889","2","5420076","15314784"
"Plano 158 × 158","49928","face","complete_cycle_cpu","101","101","0.3381","0.3992","0.8469","0.3962","0.5446","0.4521","0.5686","False","False","1","1","914x658,25","914x658,25","0","0","1","121","0","0","1","0","0","971","3889","2","5420076","15314784"
"Plano 158 × 158","49928","edge","app_update_cpu","101","101","0.3942","0.4094","0.9629","0.524","0.5156","0.5837","0.5416","False","False","1","1","914x658,25","914x658,25","0","0","1","121","0","0","1","0","0","971","3890","2","5420076","15314784"
"Plano 158 × 158","49928","edge","complete_cycle_cpu","101","101","0.3942","0.4094","0.9629","0.524","0.5156","0.5837","0.5416","False","False","1","1","914x658,25","914x658,25","0","0","1","121","0","0","1","0","0","971","3890","2","5420076","15314784"
"Plano 158 × 158","49928","vertex","app_update_cpu","101","101","0.3368","0.391","0.8614","0.3916","0.5323","0.4024","0.5818","False","False","1","1","914x658,25","914x658,25","0","0","1","121","0","0","1","0","0","971","3891","2","5420076","15314784"
"Plano 158 × 158","49928","vertex","complete_cycle_cpu","101","101","0.3368","0.391","0.8614","0.3916","0.5323","0.4024","0.5818","False","False","1","1","914x658,25","914x658,25","0","0","1","121","0","0","1","0","0","971","3891","2","5420076","15314784"
"Plano 158 × 158","49928","orbit_face","app_update_cpu","101","101","0.3909","0.4128","0.9469","0.5408","0.5009","0.6503","0.5462","False","False","1","1","914x658,25","914x658,25","0","0","1","0","0","0","1","0","0","971","3892","2","5420076","15314784"
"Plano 158 × 158","49928","orbit_face","complete_cycle_cpu","101","101","0.3909","0.4128","0.9469","0.5408","0.5009","0.6503","0.5462","False","False","1","1","914x658,25","914x658,25","0","0","1","0","0","0","1","0","0","971","3892","2","5420076","15314784"
"Plano 158 × 158","49928","pan_face","app_update_cpu","101","101","0.3599","0.4047","0.8893","0.4288","0.4989","0.5265","0.5377","False","False","1","1","914x658,25","914x658,25","0","0","1","0","0","0","1","0","0","971","3892","2","5420076","15314784"
"Plano 158 × 158","49928","pan_face","complete_cycle_cpu","101","101","0.3599","0.4047","0.8893","0.4288","0.4989","0.5265","0.5377","False","False","1","1","914x658,25","914x658,25","0","0","1","0","0","0","1","0","0","971","3892","2","5420076","15314784"
"Plano 158 × 158","49928","hover_face","app_update_cpu","101","101","0.5926","0.6493","0.9127","0.9861","0.8042","1.1653","0.8628","False","False","1","1","914x658,25","914x658,25","0","0","1","121","0","0","122","0","0","971","3892","2","5420076","15314784"
"Plano 158 × 158","49928","hover_face","complete_cycle_cpu","101","101","0.5926","0.6493","0.9127","0.9861","0.8042","1.1653","0.8628","False","False","1","1","914x658,25","914x658,25","0","0","1","121","0","0","122","0","0","971","3892","2","5420076","15314784"
"Plano 158 × 158","49928","box_face_ctrl","complete_cycle_cpu","101","101","16.7356","15.8456","1.0562","19.7798","18.5487","20.5303","19.6085","False","False","15054","15054","914x658,25","914x658,25","0","0","1","484","0","0","243","242","242","971","4377","2","5420076","15314784"
"Plano 158 × 158","49928","box_face_ctrl","drag_cpu","101","101","6.8419","6.467","1.058","8.1771","7.2511","8.4745","9.0797","False","False","15054","15054","914x658,25","914x658,25","0","0","1","484","0","0","243","242","242","971","4377","2","5420076","15314784"
"Plano 158 × 158","49928","box_face_ctrl","press_cpu","101","101","0.4076","0.4488","0.9082","0.5053","0.542","0.5399","0.5758","False","False","15054","15054","914x658,25","914x658,25","0","0","1","484","0","0","243","242","242","971","4377","2","5420076","15314784"
"Plano 158 × 158","49928","box_face_ctrl","release_cpu","101","101","6.1539","5.8095","1.0593","7.1665","7.0412","8.0553","7.702","False","False","15054","15054","914x658,25","914x658,25","0","0","1","484","0","0","243","242","242","971","4377","2","5420076","15314784"
"Plano 158 × 158","49928","box_face_ctrl","settle_cpu","101","101","3.3432","3.019","1.1074","4.0771","3.5275","4.2054","4.1485","False","False","15054","15054","914x658,25","914x658,25","0","0","1","484","0","0","243","242","242","971","4377","2","5420076","15314784"
"Plano 158 × 158","49928","box_edge_ctrl","complete_cycle_cpu","101","101","8.2561","8.1492","1.0131","11.0272","9.2357","16.1264","10.338","False","False","30100","30100","914x658,25","914x658,25","0","0","1","484","0","0","243","242","242","971","4862","2","5420076","15314784"
"Plano 158 × 158","49928","box_edge_ctrl","drag_cpu","101","101","2.6174","2.5767","1.0158","4.1781","3.28","9.4899","3.6266","False","False","30100","30100","914x658,25","914x658,25","0","0","1","484","0","0","243","242","242","971","4862","2","5420076","15314784"
"Plano 158 × 158","49928","box_edge_ctrl","press_cpu","101","101","0.4222","0.4626","0.9127","0.5803","0.5776","0.6156","0.6239","False","False","30100","30100","914x658,25","914x658,25","0","0","1","484","0","0","243","242","242","971","4862","2","5420076","15314784"
"Plano 158 × 158","49928","box_edge_ctrl","release_cpu","101","101","1.8196","1.8197","0.9999","2.354","2.283","2.8295","2.3864","False","False","30100","30100","914x658,25","914x658,25","0","0","1","484","0","0","243","242","242","971","4862","2","5420076","15314784"
"Plano 158 × 158","49928","box_edge_ctrl","settle_cpu","101","101","3.3882","3.2109","1.0552","4.8752","3.8183","5.3381","4.1446","False","False","30100","30100","914x658,25","914x658,25","0","0","1","484","0","0","243","242","242","971","4862","2","5420076","15314784"
"Plano 158 × 158","49928","box_vertex_normal","complete_cycle_cpu","30","101","697.8293","13.8692","50.315",,"16.9915",,"19.2896","True","False","15330","15087","914x658,25","914x658,25","0","0","1","484","1","241","243","242","0","971","5104","2","5420076","26393536"
"Plano 158 × 158","49928","box_vertex_normal","drag_cpu","30","101","347.3985","6.1208","56.757",,"8.0412",,"8.9966","True","False","15330","15087","914x658,25","914x658,25","0","0","1","484","1","241","243","242","0","971","5104","2","5420076","26393536"
"Plano 158 × 158","49928","box_vertex_normal","press_cpu","30","101","0.349","0.4417","0.7901",,"0.5507",,"0.5835","True","False","15330","15087","914x658,25","914x658,25","0","0","1","484","1","241","243","242","0","971","5104","2","5420076","26393536"
"Plano 158 × 158","49928","box_vertex_normal","release_cpu","30","101","346.6824","5.2658","65.8366",,"6.9815",,"8.2176","True","False","15330","15087","914x658,25","914x658,25","0","0","1","484","1","241","243","242","0","971","5104","2","5420076","26393536"
"Plano 158 × 158","49928","box_vertex_normal","settle_cpu","30","101","2.109","1.859","1.1345",,"2.4512",,"2.9454","True","False","15330","15087","914x658,25","914x658,25","0","0","1","484","1","241","243","242","0","971","5104","2","5420076","26393536"
"Plano 158 × 158","49928","box_vertex_ctrl","complete_cycle_cpu","101","101","4.6014","4.7238","0.9741","5.6884","5.8227","6.3458","6.4572","False","False","15087","15087","914x658,25","914x658,25","0","0","1","484","0","0","243","242","242","971","5347","2","5420076","15314784"
"Plano 158 × 158","49928","box_vertex_ctrl","drag_cpu","101","101","1.363","1.3694","0.9953","1.8909","1.8591","2.0512","2.0941","False","False","15087","15087","914x658,25","914x658,25","0","0","1","484","0","0","243","242","242","971","5347","2","5420076","15314784"
"Plano 158 × 158","49928","box_vertex_ctrl","press_cpu","101","101","0.4193","0.4551","0.9213","0.5285","0.5866","0.5793","0.6152","False","False","15087","15087","914x658,25","914x658,25","0","0","1","484","0","0","243","242","242","971","5347","2","5420076","15314784"
"Plano 158 × 158","49928","box_vertex_ctrl","release_cpu","101","101","1.0161","1.038","0.9789","1.2471","1.4062","1.3264","1.5653","False","False","15087","15087","914x658,25","914x658,25","0","0","1","484","0","0","243","242","242","971","5347","2","5420076","15314784"
"Plano 158 × 158","49928","box_vertex_ctrl","settle_cpu","101","101","1.799","1.7502","1.0279","2.3227","2.5632","2.606","2.7194","False","False","15087","15087","914x658,25","914x658,25","0","0","1","484","0","0","243","242","242","971","5347","2","5420076","15314784"
"Plano 158 × 158","49928","flip_history","command_cpu","101","101","109.5142","117.8443","0.9293","112.3513","124.6305","115.4392","144.0744","False","False","1","1","914x658,25","914x658,25","32934125","32934125","485","242","0","0","485","0","0","1455","5832","2","5420076","15314784"
"Plano 158 × 158","49928","flip_history","complete_cycle_cpu","101","101","240.279","256.5342","0.9366","245.9182","266.076","256.091","285.2266","False","False","1","1","914x658,25","914x658,25","32934125","32934125","485","242","0","0","485","0","0","1455","5832","2","5420076","15314784"
"Plano 158 × 158","49928","flip_history","legacy_enter_cpu","101","101","0.391","0.4094","0.9551","0.4461","0.5865","0.4699","0.624","False","False","1","1","914x658,25","914x658,25","32934125","32934125","485","242","0","0","485","0","0","1455","5832","2","5420076","15314784"
"Plano 158 × 158","49928","flip_history","redo_cpu","101","101","43.169","45.4272","0.9503","43.8801","49.1406","44.9153","50.0262","False","False","1","1","914x658,25","914x658,25","32934125","32934125","485","242","0","0","485","0","0","1455","5832","2","5420076","15314784"
"Plano 158 × 158","49928","flip_history","restore_cpu","101","101","43.3696","45.436","0.9545","43.8511","50.9529","45.3837","53.0624","False","False","1","1","914x658,25","914x658,25","32934125","32934125","485","242","0","0","485","0","0","1455","5832","2","5420076","15314784"
"Plano 158 × 158","49928","flip_history","settle_cpu","101","101","0.3539","0.3839","0.9219","0.4197","0.5255","0.9853","0.5868","False","False","1","1","914x658,25","914x658,25","32934125","32934125","485","242","0","0","485","0","0","1455","5832","2","5420076","15314784"
"Plano 158 × 158","49928","flip_history","undo_cpu","101","101","43.2889","45.4467","0.9525","44.328","48.2539","45.677","52.2642","False","False","1","1","914x658,25","914x658,25","32934125","32934125","485","242","0","0","485","0","0","1455","5832","2","5420076","15314784"
"Esfera fechada 64 × 32","3968","object","app_update_cpu","101","101","0.2867","0.3451","0.8308","0.3444","0.4501","0.3666","0.527","False","False","0","0","914x658,25","914x658,25","0","0","0","0","0","0","0","0","0","1455","5832","0","0","0"
"Esfera fechada 64 × 32","3968","object","complete_cycle_cpu","101","101","0.2867","0.3451","0.8308","0.3444","0.4501","0.3666","0.527","False","False","0","0","914x658,25","914x658,25","0","0","0","0","0","0","0","0","0","1455","5832","0","0","0"
"Esfera fechada 64 × 32","3968","face","app_update_cpu","101","101","0.345","0.3924","0.8792","0.4207","0.5012","0.4933","0.7169","False","False","1","1","914x658,25","914x658,25","0","0","1","121","0","0","1","0","0","1456","5833","2","431704","1146240"
"Esfera fechada 64 × 32","3968","face","complete_cycle_cpu","101","101","0.345","0.3924","0.8792","0.4207","0.5012","0.4933","0.7169","False","False","1","1","914x658,25","914x658,25","0","0","1","121","0","0","1","0","0","1456","5833","2","431704","1146240"
"Esfera fechada 64 × 32","3968","edge","app_update_cpu","101","101","0.3728","0.3997","0.9327","0.5176","0.543","0.5883","0.6175","False","False","1","1","914x658,25","914x658,25","0","0","1","121","0","0","1","0","0","1456","5834","2","431704","1146240"
"Esfera fechada 64 × 32","3968","edge","complete_cycle_cpu","101","101","0.3728","0.3997","0.9327","0.5176","0.543","0.5883","0.6175","False","False","1","1","914x658,25","914x658,25","0","0","1","121","0","0","1","0","0","1456","5834","2","431704","1146240"
"Esfera fechada 64 × 32","3968","vertex","app_update_cpu","101","101","0.3419","0.4029","0.8486","0.5316","0.5097","0.6474","0.5484","False","False","1","1","914x658,25","914x658,25","0","0","1","121","0","0","1","0","0","1456","5835","2","431704","1146240"
"Esfera fechada 64 × 32","3968","vertex","complete_cycle_cpu","101","101","0.3419","0.4029","0.8486","0.5316","0.5097","0.6474","0.5484","False","False","1","1","914x658,25","914x658,25","0","0","1","121","0","0","1","0","0","1456","5835","2","431704","1146240"
"Esfera fechada 64 × 32","3968","orbit_face","app_update_cpu","101","101","0.3819","0.3895","0.9805","0.511","0.5519","0.5381","0.763","False","False","1","1","914x658,25","914x658,25","0","0","1","0","0","0","1","0","0","1456","5836","2","431704","1146240"
"Esfera fechada 64 × 32","3968","orbit_face","complete_cycle_cpu","101","101","0.3819","0.3895","0.9805","0.511","0.5519","0.5381","0.763","False","False","1","1","914x658,25","914x658,25","0","0","1","0","0","0","1","0","0","1456","5836","2","431704","1146240"
"Esfera fechada 64 × 32","3968","pan_face","app_update_cpu","101","101","0.3589","0.4162","0.8623","0.4434","0.5282","0.4901","0.5479","False","False","1","1","914x658,25","914x658,25","0","0","1","0","0","0","1","0","0","1456","5836","2","431704","1146240"
"Esfera fechada 64 × 32","3968","pan_face","complete_cycle_cpu","101","101","0.3589","0.4162","0.8623","0.4434","0.5282","0.4901","0.5479","False","False","1","1","914x658,25","914x658,25","0","0","1","0","0","0","1","0","0","1456","5836","2","431704","1146240"
"Esfera fechada 64 × 32","3968","hover_face","app_update_cpu","101","101","0.4206","0.427","0.985","0.5641","0.5599","0.6817","0.5933","False","False","1","1","914x658,25","914x658,25","0","0","1","121","0","0","122","0","0","1456","5836","2","431704","1146240"
"Esfera fechada 64 × 32","3968","hover_face","complete_cycle_cpu","101","101","0.4206","0.427","0.985","0.5641","0.5599","0.6817","0.5933","False","False","1","1","914x658,25","914x658,25","0","0","1","121","0","0","122","0","0","1456","5836","2","431704","1146240"
"Esfera fechada 64 × 32","3968","box_face_normal","complete_cycle_cpu","101","101","49.2554","33.33","1.4778","51.1601","38.8086","52.5944","40.8975","False","False","471","471","914x658,25","914x658,25","0","0","1","484","1","241","243","242","0","1456","6078","2","431704","2013024"
"Esfera fechada 64 × 32","3968","box_face_normal","drag_cpu","101","101","24.323","16.5576","1.469","25.6474","20.0656","26.5144","22.1789","False","False","471","471","914x658,25","914x658,25","0","0","1","484","1","241","243","242","0","1456","6078","2","431704","2013024"
"Esfera fechada 64 × 32","3968","box_face_normal","press_cpu","101","101","0.289","0.3517","0.8217","0.3523","0.5125","0.3833","0.5519","False","False","471","471","914x658,25","914x658,25","0","0","1","484","1","241","243","242","0","1456","6078","2","431704","2013024"
"Esfera fechada 64 × 32","3968","box_face_normal","release_cpu","101","101","24.0818","15.6519","1.5386","24.7256","19.0472","26.0905","20.7816","False","False","471","471","914x658,25","914x658,25","0","0","1","484","1","241","243","242","0","1456","6078","2","431704","2013024"
"Esfera fechada 64 × 32","3968","box_face_normal","settle_cpu","101","101","0.5133","0.4692","1.094","0.6012","0.6857","0.7349","0.7891","False","False","471","471","914x658,25","914x658,25","0","0","1","484","1","241","243","242","0","1456","6078","2","431704","2013024"
"Esfera fechada 64 × 32","3968","box_face_ctrl","complete_cycle_cpu","101","101","2.7022","2.7545","0.981","3.2783","3.4111","3.482","3.8379","False","False","1004","1004","914x658,25","914x658,25","0","0","1","484","0","0","243","242","242","1456","6321","2","431704","1146240"
"Esfera fechada 64 × 32","3968","box_face_ctrl","drag_cpu","101","101","0.8477","0.8601","0.9856","1.0142","1.1184","1.2395","1.2277","False","False","1004","1004","914x658,25","914x658,25","0","0","1","484","0","0","243","242","242","1456","6321","2","431704","1146240"
"Esfera fechada 64 × 32","3968","box_face_ctrl","press_cpu","101","101","0.3759","0.4132","0.9097","0.4591","0.5328","0.5334","0.5642","False","False","1004","1004","914x658,25","914x658,25","0","0","1","484","0","0","243","242","242","1456","6321","2","431704","1146240"
"Esfera fechada 64 × 32","3968","box_face_ctrl","release_cpu","101","101","0.8232","0.8272","0.9952","1.0274","1.1849","1.2162","1.5428","False","False","1004","1004","914x658,25","914x658,25","0","0","1","484","0","0","243","242","242","1456","6321","2","431704","1146240"
"Esfera fechada 64 × 32","3968","box_face_ctrl","settle_cpu","101","101","0.6269","0.629","0.9967","0.8601","0.8084","0.9752","0.9032","False","False","1004","1004","914x658,25","914x658,25","0","0","1","484","0","0","243","242","242","1456","6321","2","431704","1146240"
"Esfera fechada 64 × 32","3968","box_edge_normal","complete_cycle_cpu","101","101","69.953","13.8592","5.0474","70.9716","17.7505","80.3782","18.445","False","False","912","912","914x658,25","914x658,25","0","0","1","484","1","241","243","242","0","1456","6563","2","431704","2013024"
"Esfera fechada 64 × 32","3968","box_edge_normal","drag_cpu","101","101","34.6461","6.4342","5.3847","35.6756","9.1033","38.1175","9.3782","False","False","912","912","914x658,25","914x658,25","0","0","1","484","1","241","243","242","0","1456","6563","2","431704","2013024"
"Esfera fechada 64 × 32","3968","box_edge_normal","press_cpu","101","101","0.2926","0.41","0.7137","0.3588","0.6109","0.4467","0.7438","False","False","912","912","914x658,25","914x658,25","0","0","1","484","1","241","243","242","0","1456","6563","2","431704","2013024"
"Esfera fechada 64 × 32","3968","box_edge_normal","release_cpu","101","101","34.3796","6.4586","5.3231","35.0569","8.5738","41.3916","9.1569","False","False","912","912","914x658,25","914x658,25","0","0","1","484","1","241","243","242","0","1456","6563","2","431704","2013024"
"Esfera fechada 64 × 32","3968","box_edge_normal","settle_cpu","101","101","0.5231","0.4845","1.0797","0.5811","0.6714","0.7431","0.7362","False","False","912","912","914x658,25","914x658,25","0","0","1","484","1","241","243","242","0","1456","6563","2","431704","2013024"
"Esfera fechada 64 × 32","3968","box_edge_ctrl","complete_cycle_cpu","101","101","2.0698","2.2213","0.9318","2.7956","2.6958","2.9203","2.7842","False","False","1923","1923","914x658,25","914x658,25","0","0","1","484","0","0","243","242","242","1456","6806","2","431704","1146240"
"Esfera fechada 64 × 32","3968","box_edge_ctrl","drag_cpu","101","101","0.5466","0.5605","0.9752","0.8004","0.8096","0.9206","0.8522","False","False","1923","1923","914x658,25","914x658,25","0","0","1","484","0","0","243","242","242","1456","6806","2","431704","1146240"
"Esfera fechada 64 × 32","3968","box_edge_ctrl","press_cpu","101","101","0.3772","0.4079","0.9247","0.4972","0.532","0.6707","0.5587","False","False","1923","1923","914x658,25","914x658,25","0","0","1","484","0","0","243","242","242","1456","6806","2","431704","1146240"
"Esfera fechada 64 × 32","3968","box_edge_ctrl","release_cpu","101","101","0.5167","0.5553","0.9305","0.7159","0.7407","0.8381","0.803","False","False","1923","1923","914x658,25","914x658,25","0","0","1","484","0","0","243","242","242","1456","6806","2","431704","1146240"
"Esfera fechada 64 × 32","3968","box_edge_ctrl","settle_cpu","101","101","0.6214","0.6574","0.9452","0.9172","0.8714","0.9622","0.9468","False","False","1923","1923","914x658,25","914x658,25","0","0","1","484","0","0","243","242","242","1456","6806","2","431704","1146240"
"Esfera fechada 64 × 32","3968","box_vertex_normal","complete_cycle_cpu","101","101","4.465","2.5415","1.7568","5.5001","3.0334","6.0587","3.8596","False","False","442","442","914x658,25","914x658,25","0","0","1","484","1","241","243","242","0","1456","7048","2","431704","2013024"
"Esfera fechada 64 × 32","3968","box_vertex_normal","drag_cpu","101","101","1.8392","0.8057","2.2827","2.2954","1.0417","2.8738","1.1907","False","False","442","442","914x658,25","914x658,25","0","0","1","484","1","241","243","242","0","1456","7048","2","431704","2013024"
"Esfera fechada 64 × 32","3968","box_vertex_normal","press_cpu","101","101","0.3576","0.4065","0.8797","0.4286","0.5222","0.5159","0.5578","False","False","442","442","914x658,25","914x658,25","0","0","1","484","1","241","243","242","0","1456","7048","2","431704","2013024"
"Esfera fechada 64 × 32","3968","box_vertex_normal","release_cpu","101","101","1.8321","0.8364","2.1905","2.108","1.1603","2.3673","1.3144","False","False","442","442","914x658,25","914x658,25","0","0","1","484","1","241","243","242","0","1456","7048","2","431704","2013024"
"Esfera fechada 64 × 32","3968","box_vertex_normal","settle_cpu","101","101","0.4354","0.4589","0.9488","0.6214","0.5886","0.7218","0.6366","False","False","442","442","914x658,25","914x658,25","0","0","1","484","1","241","243","242","0","1456","7048","2","431704","2013024"
"Esfera fechada 64 × 32","3968","box_vertex_ctrl","complete_cycle_cpu","101","101","1.756","1.9141","0.9174","2.1054","2.3647","2.3123","2.5278","False","False","921","921","914x658,25","914x658,25","0","0","1","484","0","0","243","242","242","1456","7291","2","431704","1146240"
"Esfera fechada 64 × 32","3968","box_vertex_ctrl","drag_cpu","101","101","0.4393","0.4749","0.925","0.5731","0.6243","0.6722","0.7654","False","False","921","921","914x658,25","914x658,25","0","0","1","484","0","0","243","242","242","1456","7291","2","431704","1146240"
"Esfera fechada 64 × 32","3968","box_vertex_ctrl","press_cpu","101","101","0.3649","0.4232","0.8622","0.4424","0.5431","0.4581","0.628","False","False","921","921","914x658,25","914x658,25","0","0","1","484","0","0","243","242","242","1456","7291","2","431704","1146240"
"Esfera fechada 64 × 32","3968","box_vertex_ctrl","release_cpu","101","101","0.4495","0.4705","0.9554","0.5815","0.5966","0.6499","0.6496","False","False","921","921","914x658,25","914x658,25","0","0","1","484","0","0","243","242","242","1456","7291","2","431704","1146240"
"Esfera fechada 64 × 32","3968","box_vertex_ctrl","settle_cpu","101","101","0.493","0.5185","0.9508","0.6017","0.689","0.6993","0.8272","False","False","921","921","914x658,25","914x658,25","0","0","1","484","0","0","243","242","242","1456","7291","2","431704","1146240"
"Esfera fechada 64 × 32","3968","flip_history","command_cpu","101","101","8.4301","8.5229","0.9891","10.7053","10.4092","11.5223","11.5866","False","False","1","1","914x658,25","914x658,25","2740133","2740133","485","242","0","0","485","0","0","1940","7776","2","431704","1146240"
"Esfera fechada 64 × 32","3968","flip_history","complete_cycle_cpu","101","101","20.1322","20.4655","0.9837","23.5981","23.7446","26.5287","24.7742","False","False","1","1","914x658,25","914x658,25","2740133","2740133","485","242","0","0","485","0","0","1940","7776","2","431704","1146240"
"Esfera fechada 64 × 32","3968","flip_history","legacy_enter_cpu","101","101","0.3309","0.3276","1.0101","0.4205","0.476","0.5471","0.5131","False","False","1","1","914x658,25","914x658,25","2740133","2740133","485","242","0","0","485","0","0","1940","7776","2","431704","1146240"
"Esfera fechada 64 × 32","3968","flip_history","redo_cpu","101","101","3.5943","3.5425","1.0146","4.2464","4.9414","5.0025","5.3279","False","False","1","1","914x658,25","914x658,25","2740133","2740133","485","242","0","0","485","0","0","1940","7776","2","431704","1146240"
"Esfera fechada 64 × 32","3968","flip_history","restore_cpu","101","101","3.5943","3.55","1.0125","4.5059","5.1022","5.0875","5.5883","False","False","1","1","914x658,25","914x658,25","2740133","2740133","485","242","0","0","485","0","0","1940","7776","2","431704","1146240"
"Esfera fechada 64 × 32","3968","flip_history","settle_cpu","101","101","0.3537","0.3845","0.9199","0.4537","0.5247","0.5764","0.5748","False","False","1","1","914x658,25","914x658,25","2740133","2740133","485","242","0","0","485","0","0","1940","7776","2","431704","1146240"
"Esfera fechada 64 × 32","3968","flip_history","undo_cpu","101","101","3.6776","3.5065","1.0488","4.3462","4.7998","5.2826","5.3138","False","False","1","1","914x658,25","914x658,25","2740133","2740133","485","242","0","0","485","0","0","1940","7776","2","431704","1146240"
